{"name":"recording1-6","bug_tracker":"","status":"annotation","subset":"","labels":[{"name":"green","color":"#66ff66","attributes":[],"type":"any","sublabels":[]},{"name":"yellow","color":"#fafa37","attributes":[],"type":"any","sublabels":[]},{"name":"red","color":"#fa3253","attributes":[],"type":"any","sublabels":[]}],"version":"1.0","data":{"chunk_size":72,"image_quality":100,"start_frame":0,"stop_frame":81,"storage_method":"cache","storage":"local","sorting_method":"lexicographical","chunk_type":"imageset","deleted_frames":[]},"jobs":[{"start_frame":0,"stop_frame":81,"frames":[],"status":"annotation","type":"annotation"}]}